2016-11-02 09:38:53, 49466, 6989, 23.74, ğŸ¦„ 
2016-11-02 09:38:53, 52349, 8552, 37.10, Pitcher 
2016-11-02 09:38:53, 32639, 2562, 18.68, ğŸš• 
2016-11-02 09:38:53, 15381, 13167, 20.92, For your wife. 
2016-11-02 09:38:53, 17052, 6289, 39.09, ğŸºğŸºğŸºğŸŒğŸŒğŸŒ 
2016-11-02 09:38:53, 54008, 15138, 21.74, ğŸš—ğŸŒƒ 
2016-11-02 09:38:53, 74050, 45140, 36.92, Best hair stylist on the west coast... And rent 
2016-11-02 09:38:53, 46702, 8034, 32.07, Juice 
2016-11-02 09:38:53, 41480, 22688, 3.19, Milk 
2016-11-02 09:38:53, 47846, 6067, 14.96, âœ¨ 
2016-11-02 09:38:53, 54505, 9696, 20.00, Zombies 
2016-11-02 09:38:53, 18007, 498, 24.95, ğŸ’‹ğŸ’‹ğŸ’‹ 
2016-11-02 09:38:53, 49174, 6646, 22.98, ğŸŒšğŸŒšğŸŒšğŸŒš 
2016-11-02 09:38:53, 72459, 72460, 28.63, Debauchery in the form of adulting 
2016-11-02 09:38:53, 13238, 5795, 2.94, Garlic rosemary challah 
2016-11-02 09:38:53, 49509, 74670, 41.74, ğŸš• 
2016-11-02 09:38:53, 65203, 76387, 29.53, ğŸ— 
2016-11-02 09:38:53, 20711, 5504, 22.74, Delish 
2016-11-02 09:38:53, 67795, 23442, 3.42, Exterminating 
2016-11-02 09:38:53, 35494, 3009, 34.52, ğŸš• 
2016-11-02 09:38:53, 43424, 7413, 29.09, ğŸš• ğŸ’¸ 
2016-11-02 09:38:53, 16965, 52460, 14.95, ğŸ‚ğŸ‰ 
2016-11-02 09:38:53, 7032, 34, 8.66, Turkey bacon avacadoooooo 
2016-11-02 09:38:53, 32656, 2562, 8.28, ğŸ±Disappoint plushie 
2016-11-02 09:38:53, 77059, 73447, 21.97, ğŸ˜ˆ 
2016-11-02 09:38:53, 55755, 10331, 19.83, Mid-afternoon burger 
2016-11-02 09:38:53, 20640, 23310, 10.91, Mimosas!!! Yaaassss queen!! ğŸ¾ 
2016-11-02 09:38:53, 73785, 43828, 25.38, FappianoğŸ¾ 
2016-11-02 09:38:53, 38721, 3865, 26.78, ğŸ¶ 
2016-11-02 09:38:53, 49425, 4929, 14.88, . 
2016-11-02 09:38:53, 58987, 31733, 20.67, Cover 
2016-11-02 09:38:53, 25074, 1428, 20.94, Drank at Josh Ritter whom I â¤ 
2016-11-02 09:38:53, 67976, 23735, 40.17, Slow service 
2016-11-02 09:38:53, 73253, 41103, 28.30, ğŸ• 
2016-11-02 09:38:53, 5353, 14985, 28.86, GOODS 
2016-11-02 09:38:53, 42527, 13175, 29.20, Drink 
2016-11-02 09:38:53, 32729, 2571, 20.16, For our nightlights 
2016-11-02 09:38:53, 24111, 1307, 14.35, ğŸ¦ 
2016-11-02 09:38:53, 33888, 5922, 22.44, Because you made waffles. 
2016-11-02 09:38:53, 45506, 5457, 29.97, ğŸš™ 
2016-11-02 09:38:53, 5490, 13997, 37.42, ğŸŸ 
2016-11-02 09:38:53, 5480, 2481, 9.90, Lisp 
2016-11-02 09:38:53, 16570, 1726, 10.80, ğŸš. 
2016-11-02 09:38:53, 60696, 13817, 16.12, ğŸŒ´ğŸŒ´ 
2016-11-02 09:38:53, 7497, 8170, 5.18, Beaaaaan 
2016-11-02 09:38:53, 52087, 8416, 24.32, Tip 
2016-11-02 09:38:53, 31141, 2470, 21.05, Alc 
2016-11-02 09:38:53, 34700, 12729, 27.50, ğŸ» 
2016-11-02 09:38:53, 19321, 24937, 29.14, Venmo 
2016-11-02 09:38:53, 3912, 10667, 11.33, Whip whip 
2016-11-02 09:38:53, 74961, 51781, 26.79, Lylas 
2016-11-02 09:38:53, 16531, 5457, 30.97, ğŸ˜˜â¤ï¸ğŸ» 
2016-11-02 09:38:53, 29312, 65355, 23.34, Polish adventures? 
2016-11-02 09:38:53, 32718, 7338, 10.23, Thank you !! 
2016-11-02 09:38:53, 42987, 8322, 13.39, ğŸ’µğŸ”™  refund cuz movie is in Westwood! 
2016-11-02 09:38:53, 44797, 12015, 46.20, There is no potsticksr emoji ğŸ˜• 
2016-11-02 09:38:53, 4421, 9482, 24.52, Wheel chair 
2016-11-02 09:38:53, 74324, 47125, 16.32, Nashlorette 
2016-11-02 09:38:53, 46025, 63182, 36.34, 2 washes ğŸš˜ğŸš¿ 
2016-11-02 09:38:53, 19043, 12831, 35.38, ğŸŒš 
2016-11-02 09:38:53, 32425, 2536, 27.20, Bus to logroÃ±o and burgos 
2016-11-02 09:38:53, 55401, 10170, 18.30, Keep yo ğŸ’° 
2016-11-02 09:38:53, 51956, 8381, 21.05, Davison ball 
2016-11-02 09:38:53, 35447, 29186, 17.12, ğŸ† 
2016-11-02 09:38:53, 5665, 20, 39.84, ğŸš• 
2016-11-02 09:38:53, 68017, 23867, 12.60, Broadway 
2016-11-02 09:38:53, 64495, 17999, 35.52, New bus 
2016-11-02 09:38:53, 605, 19208, 19.83, Midgets 
2016-11-02 09:38:53, 51313, 65403, 24.56, Drinks 
2016-11-02 09:38:53, 42789, 4895, 24.16, ğŸ³ 
2016-11-02 09:38:53, 55510, 10221, 19.98, â˜•ï¸ğŸ” 
2016-11-02 09:38:53, 70033, 29010, 32.54, ğŸ”¥ 
2016-11-02 09:38:53, 32762, 2755, 22.88, For the wifey 
2016-11-02 09:38:53, 20259, 11614, 6.89, All of King Midas' silver 
2016-11-02 09:38:53, 33080, 2669, 37.07, Hustlin ğŸ’ğŸ¾ 
2016-11-02 09:38:53, 42198, 4821, 6.49, Salad tossing lessons 
2016-11-02 09:38:53, 11452, 3314, 35.36, Das bier 
2016-11-02 09:38:53, 66579, 21057, 10.43, Uber input 
2016-11-02 09:38:53, 19298, 629, 28.62, How big were the balls? 
2016-11-02 09:38:53, 48005, 6120, 14.20, Tequilllllllllaaaaaaa 
2016-11-02 09:38:53, 66881, 21612, 22.65, Hookah ğŸ¸ 
2016-11-02 09:38:53, 56975, 11089, 19.48, Laundry 
2016-11-02 09:38:53, 62055, 16063, 19.15, Jamey pt.1 
2016-11-02 09:38:53, 8359, 40100, 38.50, for ğŸ´ 
2016-11-02 09:38:53, 17201, 39298, 14.95, Cats 
2016-11-02 09:38:53, 17600, 427, 37.75, Bets 
2016-11-02 09:38:53, 25387, 26492, 18.39, Cages 
2016-11-02 09:38:53, 30909, 70642, 35.08, Ice cream 
2016-11-02 09:38:53, 72656, 38272, 32.12, ğŸ…¿ 
2016-11-02 09:38:53, 20529, 1370, 44.09, I went on toro ğŸ¢ 
2016-11-02 09:38:53, 56354, 4943, 11.16, Lockn ğŸ˜› 
2016-11-02 09:38:53, 44593, 7631, 20.29, Security deposit 
2016-11-02 09:38:53, 130, 11272, 17.86, ğŸŒ´ğŸŒ´COACHELLAğŸŒ´ğŸŒ´ 
2016-11-02 09:38:53, 51870, 8348, 4.84, ğŸ•ğŸ•ğŸ• 
2016-11-02 09:38:53, 51375, 8154, 30.21, Kidney stones 
2016-11-02 09:38:53, 23224, 2519, 7.98, ğŸ• 
2016-11-02 09:38:53, 31119, 2489, 1.84, food 
2016-11-02 09:38:53, 52390, 51431, 32.38, LED Light bulbs 
2016-11-02 09:38:53, 23273, 6681, 18.56, For date with Ali 
2016-11-02 09:38:53, 44854, 44837, 31.32, PedÃ¡gio ğŸš§ 
2016-11-02 09:38:53, 34195, 2816, 35.50, A special kind of counting disability. ğŸ’¸â•4ï¸âƒ£0ï¸âƒ£â‰ï¸ 
2016-11-02 09:38:53, 13121, 1620, 10.63, Pecannnnnnnnn 
2016-11-02 09:38:53, 48953, 6420, 21.11, ğŸ¸ 
2016-11-02 09:38:53, 17371, 408, 6.05, @drizydrisk @Michael-Kucharczyk 
2016-11-02 09:38:53, 18934, 583, 30.28, Tips 
2016-11-02 09:38:53, 48707, 6329, 25.57, ğŸ 
2016-11-02 09:38:53, 38234, 3662, 37.66, PF 
2016-11-02 09:38:53, 59565, 12891, 21.58, â›½ 
2016-11-02 09:38:53, 13600, 60416, 28.20, â˜•ï¸+ğŸ´ 
2016-11-02 09:38:53, 65621, 19354, 23.35, Drunk Babuskas are what we are!! 
2016-11-02 09:38:53, 51633, 26818, 41.04, Rarebit ğŸ¸ 
2016-11-02 09:38:53, 47381, 7882, 14.49, Accidents happen 
2016-11-02 09:38:53, 64245, 17661, 20.55, Fireworx 
2016-11-02 09:38:53, 20043, 9843, 9.66, ğŸğŸ³ğŸ½ 
2016-11-02 09:38:53, 59236, 12785, 20.38, Bob ruined our wall 
2016-11-02 09:38:53, 22095, 5797, 24.97, ğŸ´ 
2016-11-02 09:38:53, 41772, 4770, 15.60, Being a good friend 
2016-11-02 09:38:53, 4966, 6090, 6.30, GowesğŸš´ 
2016-11-02 09:38:53, 32151, 2505, 31.95, Watermelon goodness 
2016-11-02 09:38:53, 53796, 9302, 13.54, ğŸ« 
2016-11-02 09:38:53, 29414, 2130, 21.43, Parking 
2016-11-02 09:38:53, 73755, 43707, 1.41, Bagel 
2016-11-02 09:38:53, 42235, 73478, 23.04, ğŸ“ 
2016-11-02 09:38:53, 2244, 11354, 31.50, ğŸŒ 
2016-11-02 09:38:53, 31264, 2481, 30.70, ## 
2016-11-02 09:38:53, 2085, 394, 31.03, Golf 
2016-11-02 09:38:53, 2095, 10905, 17.88, t-hoes 
2016-11-02 09:38:53, 29314, 2100, 21.77, Bach 
2016-11-02 09:38:53, 58880, 12416, 24.75, for gas bill 
2016-11-02 09:38:53, 6332, 34, 14.36, for life 
2016-11-02 09:38:53, 77352, 77227, 23.83, Nacho Hippo 
2016-11-02 09:38:53, 58338, 11996, 6.75, ğŸ™ƒ 
2016-11-02 09:38:53, 1575, 151, 14.75, Moo moo 
2016-11-02 09:38:53, 16852, 5212, 9.73, :) 
2016-11-02 09:38:53, 12972, 6154, 34.91, Spa day 
2016-11-02 09:38:53, 74629, 49147, 33.19, Go Broncos 
2016-11-02 09:38:53, 24121, 1309, 8.38, ğŸ¼ğŸ¼ğŸ¼ 
2016-11-02 09:38:53, 5875, 6619, 30.58, ğŸ‘œ 
2016-11-02 09:38:53, 7878, 18609, 16.90, ğŸ— 
2016-11-02 09:38:53, 76108, 62225, 18.00, ğŸ€â˜˜ğŸƒğŸ€â˜˜ğŸŒ³ğŸŒ²ğŸ„ğŸŒµğŸƒ 
2016-11-02 09:38:53, 33126, 2682, 10.44, For you 
2016-11-02 09:38:53, 63605, 16854, 37.35, ğŸ· 
2016-11-02 09:38:53, 49151, 43847, 6.05, Saturday concert 
2016-11-02 09:38:53, 74686, 49685, 27.42, Phone bill 
2016-11-02 09:38:53, 41615, 4742, 20.06, yay! 
2016-11-02 09:38:53, 65879, 19767, 13.15, ğŸ’¸ğŸš™ğŸ˜Ÿ 
2016-11-02 09:38:53, 68197, 24237, 13.49, Blue eyes white ğŸ‰ 
2016-11-02 09:38:53, 2218, 2611, 14.76, â›³ 
2016-11-02 09:38:53, 16398, 356, 32.35, Vodka 
2016-11-02 09:38:53, 21360, 858, 10.38, Memories ğŸ˜¢ 
2016-11-02 09:38:53, 6618, 34, 21.79, Alicias 
2016-11-02 09:38:53, 49950, 7453, 5.70, Bite me 
2016-11-02 09:38:53, 7194, 34, 16.43, Kevin's a ğŸ 
2016-11-02 09:38:53, 36595, 22195, 33.39, ğŸ‡ğŸ 
2016-11-02 09:38:53, 57692, 11620, 20.00, Date night! 
2016-11-02 09:38:53, 9328, 68, 28.54, Cola 
2016-11-02 09:38:53, 41435, 27574, 23.41, Watching the boys â¤ï¸ 
2016-11-02 09:38:53, 56040, 10491, 32.25, âœŒğŸ¼ï¸ğŸ˜µğŸ‘¬ 
2016-11-02 09:38:53, 21880, 954, 21.89, Target 
2016-11-02 09:38:53, 1093, 6241, 27.23, Ethiopian Food 
2016-11-02 09:38:53, 75369, 54976, 35.13, Westside 
2016-11-02 09:38:53, 37956, 3519, 35.36, Tacos 
2016-11-02 09:38:53, 36295, 3108, 43.57, Hey 
2016-11-02 09:38:53, 36939, 9592, 28.55, Food 
2016-11-02 09:38:53, 5726, 13262, 28.61, Marina submarine âš“ï¸ 
2016-11-02 09:38:53, 23491, 35417, 31.37, ğŸ 
2016-11-02 09:38:53, 59125, 12687, 22.85, Pizza pizza ğŸ•ğŸ• #2piesisntenough 
2016-11-02 09:38:53, 34834, 2912, 33.02, ğŸ·â¤ï¸ğŸ·â¤ï¸ 
2016-11-02 09:38:53, 76587, 67531, 8.33, Because I love you and want you to eat 
2016-11-02 09:38:53, 73297, 41271, 10.57, Oranges 
2016-11-02 09:38:53, 51070, 11428, 21.65, ğŸ  
2016-11-02 09:38:53, 34833, 6420, 21.33, ğŸ™ğŸ¾ğŸ™ğŸ¾ğŸ™ğŸ¾ 
2016-11-02 09:38:53, 17894, 16444, 6.38, ğŸ‰ 
2016-11-02 09:38:53, 71464, 46699, 25.34, ğŸ§ 
2016-11-02 09:38:53, 51128, 7979, 7.12, Basketball for Jesse 
2016-11-02 09:38:53, 70266, 70265, 17.01, Dragon Breath ğŸ² 
2016-11-02 09:38:53, 12826, 9309, 13.52, Stress free ğŸ‚ 
2016-11-02 09:38:53, 9612, 13700, 17.52, Lolla 
2016-11-02 09:38:53, 72916, 39613, 23.50, Cleaning your Pool 
2016-11-02 09:38:53, 33403, 2762, 22.38, ğŸš— 
2016-11-02 09:38:53, 7060, 34, 2.85, Burgas 
2016-11-02 09:38:53, 77325, 76840, 9.83, paesanos ğŸğŸ•ğŸ´ 
2016-11-02 09:38:53, 3109, 35574, 8.09, ğŸš½ 
2016-11-02 09:38:53, 14029, 10772, 2.87, TWC 
2016-11-02 09:38:53, 38020, 3806, 13.56, ZJ 
2016-11-02 09:38:53, 66341, 20667, 33.90, ğŸº 
2016-11-02 09:38:53, 22282, 8286, 10.53, ğŸ¤˜ğŸ» 
2016-11-02 09:38:53, 24317, 1332, 17.59, ğŸ¬ 
2016-11-02 09:38:53, 31247, 8702, 14.14, ğŸ• 
2016-11-02 09:38:53, 31948, 2489, 10.54, â˜•ï¸ğŸ´ 
2016-11-02 09:38:53, 58503, 2520, 24.63, Bus/Blenheim and Vaseline 
2016-11-02 09:38:53, 71753, 34584, 33.09, Praha 
2016-11-02 09:38:53, 9387, 43322, 21.39, ğŸ‡¨ğŸ‡¦ğŸ‡¨ğŸ‡¦ğŸ‡¨ğŸ‡¦ğŸ‡¨ğŸ‡¦ 
2016-11-02 09:38:53, 42592, 6248, 26.86, Mendocino 
2016-11-02 09:38:53, 76758, 77319, 34.98, Comcast -PGE 
2016-11-02 09:38:53, 38535, 43451, 33.71, ğŸ‘• 
2016-11-02 09:38:53, 21138, 5384, 21.50, ğŸ–•ğŸ¿ 
2016-11-02 09:38:53, 29656, 32511, 33.65, Good stuff 
2016-11-02 09:38:53, 68013, 76626, 23.58, Old couch 
2016-11-02 09:38:53, 72261, 36812, 10.97, ğŸ·ğŸ§€ğŸš‚ 
2016-11-02 09:38:53, 21865, 8311, 32.60, ğŸ» 
2016-11-02 09:38:53, 11487, 4382, 20.92, ğŸ’ğŸ’ğŸ’ğŸ’ 
2016-11-02 09:38:53, 42675, 4884, 18.18, Billz 
2016-11-02 09:38:53, 53939, 9414, 26.82, Karate âœ‹ 
2016-11-02 09:38:53, 59983, 13256, 15.93, Bruno 
2016-11-02 09:38:53, 29847, 2223, 3.45, Exchange cover 
2016-11-02 09:38:53, 75872, 59726, 7.64, ğŸ˜˜ğŸ˜˜ 
2016-11-02 09:38:53, 67267, 5002, 20.81, ğŸ™ŒğŸ» 
2016-11-02 09:38:53, 40664, 28075, 8.69, Bambi's bachelorette ğŸ’ 
2016-11-02 09:38:53, 11931, 10096, 28.82, ğŸ•ğŸ•ğŸ• 
2016-11-02 09:38:53, 26174, 15455, 32.67, Energy 
2016-11-02 09:38:53, 66465, 20851, 5.30, Ace 
2016-11-02 09:38:53, 55580, 10272, 24.67, CHANGE CLOTHES 
2016-11-02 09:38:53, 48801, 6354, 21.84, ğŸ» 
2016-11-02 09:38:53, 57753, 11664, 7.46, ğŸ« 
2016-11-02 09:38:53, 34302, 3231, 5.88, ğŸ¹ 
2016-11-02 09:38:53, 3554, 11862, 17.04, GeogProg 
2016-11-02 09:38:53, 41066, 11600, 24.97, ğŸ¾ğŸ’© 
2016-11-02 09:38:53, 13139, 194, 15.58, Party time!!! 
2016-11-02 09:38:53, 70605, 30795, 15.93, ğŸ¤–ğŸ’¨ 
2016-11-02 09:38:53, 19633, 2517, 28.24, Fantasy earnings 
2016-11-02 09:38:53, 52398, 8580, 1.26, thanks bb 
2016-11-02 09:38:53, 26714, 15402, 14.25, Bojiggles 
2016-11-02 09:38:53, 65377, 19063, 24.47, â›½ 
2016-11-02 09:38:53, 37357, 3376, 8.96, Alpha 
2016-11-02 09:38:53, 22822, 33067, 6.79, Chip in for Shrimp, oysters and that one school bus! Thanks- Chelsea lol 
2016-11-02 09:38:53, 21217, 848, 20.89, pitchfork ticket 
2016-11-02 09:38:53, 46884, 36485, 17.83, ğŸ˜ 
2016-11-02 09:38:53, 22124, 22130, 12.47, ğŸ•ğŸ‰ ğŸ‘² 
2016-11-02 09:38:53, 48006, 41671, 32.39, ğŸ°âœˆï¸ğŸ—»ğŸš‚ 
2016-11-02 09:38:53, 50969, 37380, 32.84, ğŸ¤ 
2016-11-02 09:38:53, 23881, 1275, 12.78, Food 
2016-11-02 09:38:53, 56636, 10823, 20.90, refund 
2016-11-02 09:38:53, 10215, 10083, 14.79, Boat day bbq 
2016-11-02 09:38:53, 41042, 4690, 20.18, Batteries so we don't die from a ğŸ”¥ ğŸš’ 
2016-11-02 09:38:53, 37252, 21538, 39.64, ğŸ• 
2016-11-02 09:38:53, 26185, 5268, 37.52, ğŸ• 
2016-11-02 09:38:53, 66526, 22206, 41.16, ğŸ‘ 
2016-11-02 09:38:53, 74822, 50769, 21.42, ğŸ¼ 
2016-11-02 09:38:53, 41484, 6117, 19.38, For that thing you like. (Love, Ryan â¤ï¸) 
2016-11-02 09:38:53, 51989, 74990, 25.46, ğŸ“¹ ğŸ’’ 
2016-11-02 09:38:53, 18073, 498, 19.25, Uber 
2016-11-02 09:38:53, 43406, 5008, 38.18, ğŸ» 
2016-11-02 09:38:53, 70337, 29950, 28.21, ğŸ•‹ 
2016-11-02 09:38:53, 10803, 56603, 16.48, ğŸ—ğŸ² 
2016-11-02 09:38:53, 68625, 25391, 21.21, ğŸ˜·ğŸš— 
2016-11-02 09:38:53, 51844, 8334, 6.61, ğŸ• 
2016-11-02 09:38:53, 11942, 149, 29.01, Panthers 
2016-11-02 09:38:53, 37830, 3482, 30.42, ğŸ• 
2016-11-02 09:38:53, 34278, 38230, 22.96, That good good 
2016-11-02 09:38:53, 7679, 18940, 30.33, ğŸ» 
2016-11-02 09:38:53, 30778, 2571, 19.69, ğŸ• 
2016-11-02 09:38:53, 65587, 19321, 12.52, ğŸ‘°ğŸ½ğŸ‰ğŸ˜Š 
2016-11-02 09:38:53, 1650, 26702, 10.52, What a baller 
2016-11-02 09:38:53, 9732, 15286, 21.65, ğŸ” 
2016-11-02 09:38:53, 16690, 17237, 14.22, Nice job dude 
2016-11-02 09:38:53, 11403, 57504, 24.52, Cause I love you 
2016-11-02 09:38:53, 10046, 4999, 16.66, ğŸ“ºğŸš¨ğŸ•µ 
2016-11-02 09:38:53, 51112, 7968, 22.83, Prezzies 
2016-11-02 09:38:53, 25029, 1692, 13.86, Sister fees 
2016-11-02 09:38:53, 57359, 11325, 3.84, Lol 
2016-11-02 09:38:53, 39677, 4257, 23.58, Costco 
2016-11-02 09:38:53, 73126, 40674, 29.14, Bottled blonde 
2016-11-02 09:38:53, 35409, 3000, 11.99, âœŠ 
2016-11-02 09:38:53, 37028, 8861, 2.89, ğŸ”¥ 
2016-11-02 09:38:53, 5678, 1903, 22.34, Uber 
2016-11-02 09:38:53, 5075, 6168, 12.54, ğŸ·ğŸ·ğŸ· 
2016-11-02 09:38:53, 76941, 72045, 18.35, Hi Megan, I wanted to make sure this is you. Before I paid you for the sweat ğŸ‘• 
2016-11-02 09:38:53, 46806, 5729, 29.73, Ride or die 
2016-11-02 09:38:53, 59469, 12848, 9.41, Little jimmys 
2016-11-02 09:38:53, 34906, 2930, 11.07, Chinese! 
2016-11-02 09:38:53, 7348, 10748, 23.99, ğŸ´â˜•ï¸ 
2016-11-02 09:38:53, 28932, 2029, 38.23, ğŸŒ®ğŸŒ® 
2016-11-02 09:38:53, 7205, 34, 28.73, ğŸ’ƒğŸ»ğŸ’ƒğŸ» 
2016-11-02 09:38:53, 62780, 15897, 12.72, ğŸ´ 
2016-11-02 09:38:53, 9445, 5805, 17.62, Pillow ğŸ˜„ 
2016-11-02 09:38:53, 58021, 11786, 34.28, ğŸ’ƒğŸ½ğŸ’…ğŸ½ğŸ’ğŸ½ 
2016-11-02 09:38:53, 27180, 1750, 18.33, Rent 
2016-11-02 09:38:53, 50776, 7838, 26.40, AB ğŸ˜Š 
2016-11-02 09:38:53, 58975, 12570, 13.10, Smokes 
2016-11-02 09:38:53, 65363, 19054, 10.15, â¤ï¸ 
2016-11-02 09:38:53, 2028, 394, 11.61, Visit again 
2016-11-02 09:38:53, 20670, 799, 17.70, ğŸ‘ğŸ¿ 
2016-11-02 09:38:53, 471, 20507, 29.49, Uber 
2016-11-02 09:38:53, 30979, 2450, 37.25, âš¡ğŸ”ŒğŸ’¡ğŸ’¸ 
2016-11-02 09:38:53, 16625, 4038, 24.17, ğŸŒğŸŒğŸŒğŸŒ 
2016-11-02 09:38:53, 28603, 5952, 17.16, Drank and Barbs 
2016-11-02 09:38:53, 4065, 583, 19.26, Milos 
2016-11-02 09:38:53, 52112, 8432, 10.24, ğŸ” 
2016-11-02 09:38:53, 21112, 44551, 21.97, Brunch 
2016-11-02 09:38:53, 33232, 2730, 6.22, ğŸŒ­ğŸ‘ğŸ“ğŸğŸ‰ğŸ…ğŸ–ğŸ¢ğŸ™ğŸ•ğŸŒ¯ 
2016-11-02 09:38:53, 3509, 16457, 22.24, ğŸ˜˜ 
2016-11-02 09:38:53, 593, 2496, 26.00, ğŸ¼ğŸ´ğŸ™ 
2016-11-02 09:38:53, 25362, 1473, 26.83, Bills 
2016-11-02 09:38:53, 13577, 595, 2.07, Breakfast date 
2016-11-02 09:38:53, 62349, 15460, 20.97, Alch 
2016-11-02 09:38:53, 3269, 549, 29.48, ğŸº 
2016-11-02 09:38:53, 44327, 8401, 11.02, Units 
2016-11-02 09:38:53, 8900, 58, 25.40, ğŸš˜ğŸš˜ğŸš˜ 
2016-11-02 09:38:53, 64348, 17795, 7.84, Drugs 
2016-11-02 09:38:53, 65311, 19041, 11.08, â¤ï¸ 
2016-11-02 09:38:53, 23980, 10667, 19.49, VIP 
2016-11-02 09:38:53, 12992, 13600, 2.70, Awesome chalkğŸ¨ 
2016-11-02 09:38:53, 27003, 1708, 19.64, Venmo 
2016-11-02 09:38:53, 63032, 16197, 25.42, Candy 
2016-11-02 09:38:53, 58787, 12304, 33.84, ğŸ ğŸ’¸ 
2016-11-02 09:38:53, 59769, 13095, 21.68, Bribe money 
2016-11-02 09:38:53, 71480, 33620, 10.10, Maid 
2016-11-02 09:38:53, 48278, 45006, 23.19, Uber home 
2016-11-02 09:38:53, 34181, 2813, 24.06, A periodic table 
2016-11-02 09:38:53, 4340, 2481, 17.73, Jlocc resort 
2016-11-02 09:38:53, 64320, 17733, 22.02, Boba 
2016-11-02 09:38:53, 66151, 20303, 8.63, Chures 
2016-11-02 09:38:53, 61235, 14380, 23.95, Brunch carafe 
2016-11-02 09:38:53, 62626, 15720, 15.35, Jame-O gingers with Serena W last night 
2016-11-02 09:38:53, 4780, 1090, 21.87, ğŸŒœ 
2016-11-02 09:38:53, 26542, 2043, 24.53, Toes ğŸ¹ğŸ·ğŸ» 
2016-11-02 09:38:53, 33836, 2801, 27.67, Drinks 
2016-11-02 09:38:53, 12266, 163, 13.36, âš° 
2016-11-02 09:38:53, 46217, 36354, 25.93, B ğŸ’œ 
2016-11-02 09:38:53, 5092, 884, 17.58, ZJ 
2016-11-02 09:38:53, 50756, 20873, 36.67, ğŸ” 
2016-11-02 09:38:53, 25764, 12424, 5.62, Tay 
2016-11-02 09:38:53, 54004, 9453, 42.21, The cure 
2016-11-02 09:38:53, 72552, 37800, 25.74, Bulling red 
2016-11-02 09:38:53, 51805, 8319, 3.31, ğŸª ğŸğŸŒğŸŠğŸ‡ 
2016-11-02 09:38:53, 52992, 8905, 12.60, The mile-Thanks! 
2016-11-02 09:38:53, 28023, 7123, 25.39, Football 
2016-11-02 09:38:53, 73302, 41276, 23.60, Our uber probably 
2016-11-02 09:38:53, 65304, 19033, 24.05, Uberrrrrr ğŸ”™ 2 da crib 
2016-11-02 09:38:53, 64584, 18177, 12.16, WAAMP Sleepover â¤ï¸ 
2016-11-02 09:38:53, 10124, 7772, 35.58, Wifi 10-28 
2016-11-02 09:38:53, 64290, 17682, 26.43, Eat ğŸ†ğŸ†ğŸ†ğŸ† 
2016-11-02 09:38:53, 31751, 17685, 30.25, â¤ï¸ 
2016-11-02 09:38:53, 34332, 2836, 9.27, Came in clutch with the bus route!!! On my way to see this fool in Italy ğŸ‡®ğŸ‡¹ 
2016-11-02 09:38:53, 23913, 1280, 24.90, Coldplay babay 
2016-11-02 09:38:53, 64585, 18177, 32.08, Fud 
2016-11-02 09:38:53, 21772, 4592, 19.91, Lola 
2016-11-02 09:38:53, 74744, 77149, 25.89, Thanks :) 
2016-11-02 09:38:53, 49562, 16545, 26.80, ğŸ• 
2016-11-02 09:38:53, 7926, 20761, 17.29, ğŸ± 
2016-11-02 09:38:53, 21077, 18768, 37.56, Alimony 
2016-11-02 09:38:53, 33810, 11125, 12.16, Lisa's debt 
2016-11-02 09:38:53, 2060, 394, 23.80, John smith 
2016-11-02 09:38:53, 18217, 45474, 43.75, ğŸ—ğŸ–âœ¨ 
2016-11-02 09:38:53, 64899, 18587, 25.07, ğŸ˜€ 
2016-11-02 09:38:53, 10630, 9855, 19.18, ğŸ·ğŸ¤ 
2016-11-02 09:38:53, 54546, 6209, 15.84, cable 
2016-11-02 09:38:53, 6119, 1944, 5.63, ğŸ‰ğŸ‰ğŸ‰ 
2016-11-02 09:38:53, 40790, 4675, 16.13, Kalah taroan 
2016-11-02 09:38:53, 23269, 1183, 24.01, Bb 
2016-11-02 09:38:53, 8564, 14046, 10.36, ğŸ³â˜• 
2016-11-02 09:38:53, 1269, 394, 27.57, Internet 
2016-11-02 09:38:53, 47520, 5925, 29.31, Buckets 
2016-11-02 09:38:53, 51356, 8114, 32.13, Thank you never carry ğŸ’µ 
2016-11-02 09:38:53, 39211, 72847, 26.04, ğŸ° 
2016-11-02 09:38:53, 30174, 14373, 28.60, Open champ 
2016-11-02 09:38:53, 1254, 12330, 20.09, No means no 
2016-11-02 09:38:53, 56668, 10857, 20.16, Groceries ğŸ“ 
2016-11-02 09:38:53, 3425, 4521, 12.05, Food 
2016-11-02 09:38:53, 13527, 40026, 16.24, ğŸ’• 
2016-11-02 09:38:53, 62753, 15859, 7.69, ğŸš•ğŸš•ğŸš•ğŸš• 
2016-11-02 09:38:53, 35372, 2990, 21.91, ğŸ” 
2016-11-02 09:38:53, 72192, 36481, 23.78, Lack of golfing ability 
2016-11-02 09:38:53, 41970, 4793, 24.40, Comcast $$ 
2016-11-02 09:38:53, 60381, 13580, 29.76, That bastard better have my jack waiting for me ğŸ˜‚. GBH 
2016-11-02 09:38:53, 9616, 3288, 20.11, I rented a movie on your Amazon prime 
2016-11-02 09:38:53, 29878, 42103, 2.20, Thanksss 
2016-11-02 09:38:53, 38452, 4697, 26.09, Blankie! 
2016-11-02 09:38:53, 6097, 26649, 5.71, Pokeballs (peppinos) 
2016-11-02 09:38:53, 42159, 4908, 16.46, ğŸ’Œ 
2016-11-02 09:38:53, 46576, 31924, 13.75, ğŸ³â˜• 
2016-11-02 09:38:53, 27165, 1925, 2.31, Platters 
2016-11-02 09:38:53, 21212, 36850, 49.36, ğŸœğŸ™ 
2016-11-02 09:38:53, 5797, 11862, 25.76, hah 
2016-11-02 09:38:53, 73699, 43379, 6.69, Hair of the dawg ğŸ™ƒ 
2016-11-02 09:38:53, 60417, 13600, 22.70, Hkb 
2016-11-02 09:38:53, 29584, 6513, 11.60, LINDSEY STERLING!ğŸµğŸ¶ğŸ» 
2016-11-02 09:38:53, 52495, 8652, 22.07, BurgZ 
2016-11-02 09:38:53, 40918, 11250, 7.98, Grocers 
2016-11-02 09:38:53, 19285, 5090, 11.11, âš¾ï¸ 
2016-11-02 09:38:53, 43412, 7738, 21.06, Vikings game. 
2016-11-02 09:38:53, 34489, 30753, 31.06, Tito's ğŸ¸ 
2016-11-02 09:38:53, 9474, 14785, 15.18, Uber 
2016-11-02 09:38:53, 69508, 31181, 12.98, ğŸµğŸğŸˆ 
2016-11-02 09:38:53, 24695, 3057, 3.41, Whoops two months of time warner ğŸ™ˆ + shower curtain 
2016-11-02 09:38:53, 41902, 4793, 15.56, ğŸš— 
2016-11-02 09:38:53, 49290, 49289, 3.24, â›³ # 
2016-11-02 09:38:53, 9375, 68, 21.58, Chicken tenders 
2016-11-02 09:38:53, 42820, 4901, 18.77, ğŸ· 
2016-11-02 09:38:53, 42636, 17040, 6.61, Africa 
2016-11-02 09:38:53, 55576, 10269, 57.82, . 
2016-11-02 09:38:53, 63670, 16921, 14.15, Amazon 
2016-11-02 09:38:53, 52576, 9009, 12.47, Mango tango 
2016-11-02 09:38:53, 60334, 63681, 31.41, â›½ 
2016-11-02 09:38:53, 70440, 30274, 18.76, Fun 
2016-11-02 09:38:53, 11819, 143, 18.67, Mexicanos 
2016-11-02 09:38:53, 72777, 38804, 12.08, Uber 
2016-11-02 09:38:53, 19361, 5863, 27.00, ğŸ© 
2016-11-02 09:38:53, 41227, 10438, 27.01, drugs 
2016-11-02 09:38:53, 72832, 39093, 18.50, â¤ï¸ğŸ‘ğŸ»ğŸ·ğŸŒğŸ˜œğŸ¤“ğŸ’ƒğŸ»ğŸ’ƒğŸ»ğŸºğŸ¥ğŸ¦ğŸŠğŸ« 
2016-11-02 09:38:54, 65157, 18890, 7.60, Bag + book 
2016-11-02 09:38:54, 2192, 34, 8.14, We got witty with it 
2016-11-02 09:38:54, 59301, 12785, 14.27, Still proud of Phil 
2016-11-02 09:38:54, 38487, 12953, 32.06, Eggs 
2016-11-02 09:38:54, 62222, 76105, 17.91, I don't want your filthy money. 
2016-11-02 09:38:54, 5636, 20, 14.28, ğŸ’ƒ 
2016-11-02 09:38:54, 46884, 25588, 21.67, ğŸ³ğŸ¹ 
2016-11-02 09:38:54, 56760, 17578, 27.55, Keg 
2016-11-02 09:38:54, 43407, 11324, 28.05, ğŸ 
2016-11-02 09:38:54, 20663, 799, 18.54, Amy Schumer ğŸ« 
2016-11-02 09:38:54, 47558, 5936, 30.53, $$ July 
2016-11-02 09:38:54, 12337, 3346, 14.48, for uber 
2016-11-02 09:38:54, 38504, 18944, 36.67, Beer gifts Sectionals. 
2016-11-02 09:38:54, 23835, 1273, 7.07, ğŸ‘¹ 
2016-11-02 09:38:54, 16619, 8405, 20.11, Shoes 
2016-11-02 09:38:54, 38244, 72650, 8.81, Don't decline this one 
2016-11-02 09:38:54, 65520, 19272, 23.28, ğŸ§€ğŸ·âŒ 
2016-11-02 09:38:54, 56243, 12918, 10.46, ğŸƒ 
2016-11-02 09:38:54, 15035, 15928, 28.60, Food 
2016-11-02 09:38:54, 38967, 59811, 36.07, Shooting â­ 
2016-11-02 09:38:54, 9177, 66, 19.97, Being a spy 
2016-11-02 09:38:54, 61466, 14697, 21.21, â›½ 
2016-11-02 09:38:54, 39342, 16197, 14.34, ğŸ» 
2016-11-02 09:38:54, 10585, 7669, 7.84, ğŸ” 
2016-11-02 09:38:54, 39835, 4317, 24.65, Best hat 
2016-11-02 09:38:54, 12553, 58962, 18.24, Bye y'all 
2016-11-02 09:38:54, 64050, 25224, 29.63, Brownie and shirt skeet skeet 
2016-11-02 09:38:54, 23159, 20681, 8.12, 4loko 
2016-11-02 09:38:54, 45109, 5542, 5.81, ğŸ‰ 
2016-11-02 09:38:54, 53186, 8983, 38.11, Booze! 
2016-11-02 09:38:54, 60015, 13280, 17.41, ğŸ¤ğŸ˜ 
2016-11-02 09:38:54, 45095, 5357, 6.99, ğŸ¨ ğŸ© 
2016-11-02 09:38:54, 11414, 12775, 7.89, Yeeeeee 
2016-11-02 09:38:54, 73346, 41557, 18.77, ğŸ‘¾ 
2016-11-02 09:38:54, 53375, 9044, 26.28, ğŸš• 
2016-11-02 09:38:54, 71197, 32693, 26.04, Curtains! 
2016-11-02 09:38:54, 16014, 2270, 23.08, ğŸŸğŸŸ 
2016-11-02 09:38:54, 40603, 4665, 28.79, Cat sweater ğŸ˜º 
2016-11-02 09:38:54, 27372, 34633, 16.20, ğŸ• 
2016-11-02 09:38:54, 49718, 15866, 23.67, Excited for you guys! 
2016-11-02 09:38:54, 43128, 4954, 28.03, Human ğŸ§ 
2016-11-02 09:38:54, 22990, 1120, 18.56, Ticonderoga 30 pack 
2016-11-02 09:38:54, 26947, 36446, 12.61, ğŸ˜‰ 
2016-11-02 09:38:54, 21123, 835, 1.37, Graphic design 
2016-11-02 09:38:54, 63282, 16546, 40.21, Because apparently I don't buy my own food anymore. 
2016-11-02 09:38:54, 22436, 9287, 14.85, Room 
2016-11-02 09:38:54, 19809, 4714, 29.89, Jackets and material 
2016-11-02 09:38:54, 41616, 15232, 30.00, ğŸ¸ 
2016-11-02 09:38:54, 45349, 5405, 31.50, Flamingling ğŸ’ƒğŸ¼ğŸ’ƒğŸ¼ğŸ’ƒğŸ¼ 
2016-11-02 09:38:54, 41032, 16071, 7.40, Any port in a storm 
2016-11-02 09:38:54, 7766, 13043, 29.24, That doorknob 
2016-11-02 09:38:54, 42528, 4854, 39.84, Lyft 2 the banks ğŸ’ƒğŸ¼ğŸ’ƒğŸ» 
2016-11-02 09:38:54, 36890, 3258, 12.85, ğŸ’¸ 
2016-11-02 09:38:54, 24812, 1386, 32.06, ğŸ§ 
2016-11-02 09:38:54, 41351, 23550, 27.96, ğŸ‡ºğŸ‡¸ 
2016-11-02 09:38:54, 70634, 30866, 31.10, Sjjshsjsbsb 
2016-11-02 09:38:54, 77139, 74612, 41.06, Fooooood 
2016-11-02 09:38:54, 72443, 28499, 21.98, Uber 
2016-11-02 09:38:54, 43892, 11723, 20.05, Train 
2016-11-02 09:38:54, 21981, 31217, 4.60, Zaaaaaa 
2016-11-02 09:38:54, 65822, 19622, 21.90, ğŸ© 
2016-11-02 09:38:54, 8700, 985, 20.71, âš¡ï¸ğŸ’¡ğŸ”Œ 
2016-11-02 09:38:54, 56945, 11065, 27.41, Munchies 
2016-11-02 09:38:54, 58545, 12144, 35.95, PricewaterhouseCoopers 
2016-11-02 09:38:54, 39813, 4305, 9.71, Pizza ğŸ• 
2016-11-02 09:38:54, 14271, 324, 21.10, Amoraaaaaa 
2016-11-02 09:38:54, 18191, 498, 28.77, ğŸ• 
2016-11-02 09:38:54, 23323, 3451, 12.26, Rent 
2016-11-02 09:38:54, 4797, 2571, 8.37, Satan 
2016-11-02 09:38:54, 31320, 16821, 18.52, Booz ğŸ³ğŸ¹ 
2016-11-02 09:38:54, 9068, 20352, 12.73, ğŸ´ 
2016-11-02 09:38:54, 47497, 5919, 30.48, Mulaney 
2016-11-02 09:38:54, 46810, 5729, 34.62, ğŸ…¿ 
2016-11-02 09:38:54, 36378, 13308, 22.49, ğŸ…¿ and evening out my venmo balance 
2016-11-02 09:38:54, 58350, 37527, 28.39, box 
2016-11-02 09:38:54, 34517, 7600, 17.72, âš½ï¸â›³ï¸ 
2016-11-02 09:38:54, 42318, 12047, 19.60, ğŸ˜ˆ 
2016-11-02 09:38:54, 11572, 5119, 26.05, Brew ğŸŒ† 
2016-11-02 09:38:54, 45063, 5352, 25.52, Slaves 
2016-11-02 09:38:54, 62531, 43775, 17.68, DTE 
2016-11-02 09:38:54, 35725, 3275, 21.92, Spacious lyft 
2016-11-02 09:38:54, 30589, 51789, 18.32, I pissed myself last night 
2016-11-02 09:38:54, 26615, 1641, 19.56, For ur parents 
2016-11-02 09:38:54, 72287, 36880, 31.05, Broom, cups 
2016-11-02 09:38:54, 59454, 12838, 23.03, ğŸ· 
2016-11-02 09:38:54, 49917, 7441, 6.07, ğŸ• 
2016-11-02 09:38:54, 70132, 29267, 34.59, Bigggg ğŸ» 
2016-11-02 09:38:54, 51147, 19214, 17.39, ğŸ³ğŸŒ¯ğŸ…ğŸ¾âš¾ï¸ğŸŸ 
2016-11-02 09:38:54, 41511, 13179, 26.12, ğŸŒ 
2016-11-02 09:38:54, 17198, 403, 16.52, ğŸ¸ğŸ· 
2016-11-02 09:38:54, 42069, 10407, 35.28, Wakeboardddd ğŸ„ğŸ» 
2016-11-02 09:38:54, 19118, 602, 35.84, å“­æ…˜äº† 
2016-11-02 09:38:54, 8714, 27582, 14.84, Uber to airport in Portland 
2016-11-02 09:38:54, 59225, 12785, 22.26, A cup full of love and kindness 
2016-11-02 09:38:54, 2593, 8667, 25.44, ğŸ·ğŸ£ğŸ³ğŸ§€ 
2016-11-02 09:38:54, 3759, 25594, 21.69, Gas and tacos! 
2016-11-02 09:38:54, 66804, 21492, 27.97, ğŸº 
2016-11-02 09:38:54, 22342, 18338, 15.34, ğŸš™ 
2016-11-02 09:38:54, 51979, 14128, 33.25, Just because I miss you â¤ï¸ 
2016-11-02 09:38:54, 11063, 14751, 19.89, Tea 
2016-11-02 09:38:54, 73371, 41690, 24.37, ğŸ”¥ğŸ”¥ğŸ”¥ 
2016-11-02 09:38:54, 48376, 6214, 44.47, Baby feel better soon. 
2016-11-02 09:38:54, 51887, 35889, 16.87, Bologna 
2016-11-02 09:38:54, 32160, 2964, 21.31, Niawana? Niwana? 
2016-11-02 09:38:54, 65687, 19407, 9.68, Bfast 
2016-11-02 09:38:54, 62304, 40695, 33.51, Sugar mama â™¡ 
2016-11-02 09:38:54, 10355, 2966, 18.43, ğŸ» 
2016-11-02 09:38:54, 49979, 7462, 34.42, ğŸ´ 
2016-11-02 09:38:54, 14709, 225, 29.81, Being ugly 
2016-11-02 09:38:54, 46587, 5680, 22.18, ğŸˆğŸ‰ğŸ€ 
2016-11-02 09:38:54, 43181, 10974, 4.99, Steroid advice 
2016-11-02 09:38:54, 25720, 33119, 44.61, Being a homer:) 
2016-11-02 09:38:54, 9059, 27321, 11.16, Thank you! 
2016-11-02 09:38:54, 18736, 17536, 31.91, ğŸ  
2016-11-02 09:38:54, 59961, 13246, 14.56, ğŸ³ 
2016-11-02 09:38:54, 27751, 1830, 16.44, Millards final dues 
2016-11-02 09:38:54, 75912, 60117, 21.08, ğŸ¹ 
2016-11-02 09:38:54, 70718, 31163, 14.47, ğŸ¹ 
2016-11-02 09:38:54, 11267, 5542, 18.29, Rimels 
2016-11-02 09:38:54, 44747, 5286, 16.30, ğŸš—â›½ï¸ 
2016-11-02 09:38:54, 64441, 17914, 29.57, Lennys! 
2016-11-02 09:38:54, 52931, 8861, 35.01, Ubersss 
2016-11-02 09:38:54, 37899, 3493, 18.01, Munich to Praha baby 
2016-11-02 09:38:54, 13071, 13009, 31.83, Breakfast adventures 
2016-11-02 09:38:54, 49597, 7106, 14.77, Cable 
2016-11-02 09:38:54, 65479, 19197, 21.93, Za 
2016-11-02 09:38:54, 65153, 18890, 10.73, Booze for the boys 
2016-11-02 09:38:54, 705, 5155, 10.06, SUV 
2016-11-02 09:38:54, 47637, 5953, 11.00, ğŸŒ®ğŸŒ® 
2016-11-02 09:38:54, 510, 7687, 13.12, Lyft 
2016-11-02 09:38:54, 75613, 57381, 19.53, ğŸ‚ 
2016-11-02 09:38:54, 52092, 5089, 24.52, ğŸ¤ 
2016-11-02 09:38:54, 11496, 4448, 23.80, ğŸš—ğŸš•ğŸš™ 
2016-11-02 09:38:54, 63032, 27442, 13.87, ğŸ‘½ 
2016-11-02 09:38:54, 43652, 73745, 28.31, Food 
2016-11-02 09:38:54, 52866, 8845, 31.62, Long time caller, first time listener 
2016-11-02 09:38:54, 7220, 6350, 7.87, Cosobitchbaby 
2016-11-02 09:38:54, 4332, 377, 10.33, Rock Man fed Loping Elk. 
2016-11-02 09:38:54, 60645, 13769, 21.01, The ride of my life 
2016-11-02 09:38:54, 7363, 34, 25.83, electricity 
2016-11-02 09:38:54, 68646, 25455, 40.54, Room 
2016-11-02 09:38:54, 5739, 23698, 18.62, ğŸ‘‘ 
2016-11-02 09:38:54, 71834, 34952, 19.99, Friday 
2016-11-02 09:38:54, 45352, 26584, 17.79, Liquid energy 
2016-11-02 09:38:54, 12544, 175, 23.39, Test 
2016-11-02 09:38:54, 30057, 2272, 21.19, Pizza azziP 
2016-11-02 09:38:54, 76465, 66110, 15.51, Uber 
2016-11-02 09:38:54, 75367, 54971, 25.83, ğŸ¾ğŸ‘  
2016-11-02 09:38:54, 59447, 12831, 13.25, Cards that credit things 
2016-11-02 09:38:54, 59802, 13109, 32.60, Joe's social condition 
2016-11-02 09:38:54, 27480, 33620, 20.46, Partay 
2016-11-02 09:38:54, 52527, 75056, 7.85, ğŸ’¦ğŸ’¦ğŸ’¦ğŸ’¦ 
2016-11-02 09:38:54, 55113, 10084, 8.87, ğŸ’µğŸ”™  refund cuz movie is in Westwood! 
2016-11-02 09:38:54, 55002, 11941, 19.07, Vacay!! 100 to go! 
2016-11-02 09:38:54, 400, 790, 25.34, Ubers ğŸš–ğŸš• 
2016-11-02 09:38:54, 20830, 6219, 8.93, ğŸºğŸˆğŸŒ­ 
2016-11-02 09:38:54, 31513, 3470, 25.02, ğŸ‘– 
2016-11-02 09:38:54, 7185, 34, 14.76, Drunken noodle! 
2016-11-02 09:38:54, 29951, 2248, 26.48, Ahh tee em 
2016-11-02 09:38:54, 70006, 28916, 25.74, ğŸ† 
2016-11-02 09:38:54, 10720, 2374, 29.57, â›³ï¸ 
2016-11-02 09:38:54, 4884, 6500, 17.02, Ubez in port 
2016-11-02 09:38:54, 19436, 638, 21.40, ğŸ‰ 
2016-11-02 09:38:54, 45873, 5546, 12.79, Heater breh 
2016-11-02 09:38:54, 25657, 19141, 43.96, You will owe me 50 for spike 
2016-11-02 09:38:54, 25451, 14593, 38.18, ğŸ† 
2016-11-02 09:38:54, 10511, 6047, 1.90, Uber 1 
2016-11-02 09:38:54, 15507, 6250, 29.14, ğŸœ 
2016-11-02 09:38:54, 53708, 1831, 19.38, ğŸ§ 
2016-11-02 09:38:54, 18719, 557, 17.15, Thx for being a friend! 
2016-11-02 09:38:54, 43560, 5041, 24.06, coffee table 
2016-11-02 09:38:54, 52682, 18389, 5.76, for Fried Chicken 
2016-11-02 09:38:54, 33865, 6103, 24.75, This is our story 
2016-11-02 09:38:54, 63320, 16559, 6.83, June Pepco 
2016-11-02 09:38:54, 18688, 5569, 21.06, More ubers 
2016-11-02 09:38:54, 61006, 14033, 10.97, ğŸ–•ğŸ» 
2016-11-02 09:38:54, 39131, 55569, 22.32, ğŸ—¿ 
2016-11-02 09:38:54, 41995, 43721, 30.83, Thank you come again 
2016-11-02 09:38:54, 49308, 6843, 13.43, Here's to never having a bachelorette party in Vegas 
2016-11-02 09:38:54, 50811, 7844, 48.57, Yo guys! With the addition of Derek & max to the house you were supposed to get 19$ back & I took out 11$ each for food which we unfortunately weren't really able to eat so I'm really sorry about that :(. THANKS FOR AN AMAZING NIGHT & MY FIRST EVER EXPERIENCE GETTING KICKED OUT OF SOMEWHERE. Let's have a reunion gathering ğŸ”œ 
2016-11-02 09:38:54, 52354, 8557, 28.88, Disney 
2016-11-02 09:38:54, 74700, 49761, 20.34, Go Noles!!! 
2016-11-02 09:38:54, 40071, 17147, 32.94, Raft head 
2016-11-02 09:38:54, 34431, 2844, 11.00, achoo 
2016-11-02 09:38:54, 26640, 1641, 14.78, Relax 
2016-11-02 09:38:54, 32124, 61477, 26.15, Ole mis 
2016-11-02 09:38:54, 24085, 20568, 18.99, ğŸ—ğŸ³â˜•ï¸â˜ª 
2016-11-02 09:38:54, 37301, 3362, 18.12, ğŸ‘ŒğŸ¼ğŸ±ğŸ¢ 
2016-11-02 09:38:54, 23184, 1156, 12.72, Sketti ğŸ 
2016-11-02 09:38:54, 65671, 19400, 35.73, ğŸ˜ğŸ˜ğŸ˜ 
2016-11-02 09:38:54, 18833, 565, 45.68, Kasey ğŸ‘¶ğŸ» 
2016-11-02 09:38:54, 43248, 36485, 15.72, ğŸ’»ğŸ’¸ 
2016-11-02 09:38:54, 49486, 3725, 24.59, ğŸ¶ğŸµğŸ¶ğŸ”Š 
2016-11-02 09:38:54, 47442, 10644, 9.04, ğŸšœğŸšœğŸšœ 
2016-11-02 09:38:54, 15886, 318, 31.04, Let's not watch that again x_x 
2016-11-02 09:38:54, 4829, 3320, 24.43, Being a fam sauce 
2016-11-02 09:38:54, 35340, 2977, 29.19, Carz 
2016-11-02 09:38:54, 40761, 4675, 10.82, Chillin in flag 
2016-11-02 09:38:54, 26868, 53152, 12.44, Chillin w my strawbs 
2016-11-02 09:38:54, 62914, 16030, 17.83, Alc 
2016-11-02 09:38:54, 10341, 99, 18.23, Bigsis 
2016-11-02 09:38:54, 14132, 31895, 16.26, Chicks... 
2016-11-02 09:38:54, 29632, 2189, 23.68, ğŸ’’ 
2016-11-02 09:38:54, 53591, 10083, 10.08, I am bad at communication 
2016-11-02 09:38:54, 10832, 2778, 17.08, ğŸ†ğŸ†ğŸ† 
2016-11-02 09:38:54, 4138, 5994, 33.02, "Services rendered" 
2016-11-02 09:38:54, 74552, 48402, 34.90, ğŸ³ğŸ¹ 
2016-11-02 09:38:54, 52913, 8861, 16.86, ğŸ™‚ 
2016-11-02 09:38:54, 2382, 20523, 21.29, 1920s 
2016-11-02 09:38:54, 21222, 5532, 5.12, Bfast 
2016-11-02 09:38:54, 59203, 12775, 25.36, You know 
2016-11-02 09:38:54, 8816, 27290, 8.54, âš¡ï¸âš¡ï¸âš¡ï¸ 
2016-11-02 09:38:54, 3212, 19017, 34.81, ğŸš• 
2016-11-02 09:38:54, 76566, 67239, 21.07, ğŸŒ®ğŸŒ® 
2016-11-02 09:38:54, 77304, 76593, 12.59, ğŸ’ƒğŸ£ğŸ’ƒğŸ£ 
2016-11-02 09:38:54, 63144, 16377, 22.18, that good good cheeeese 
2016-11-02 09:38:54, 62675, 15772, 13.74, $$$$ 
2016-11-02 09:38:54, 54927, 12831, 25.36, BÃ¼z 
2016-11-02 09:38:54, 15975, 331, 26.22, HamilTHAIn â­ï¸ 
2016-11-02 09:38:54, 21702, 930, 18.65, Dumplings 
2016-11-02 09:38:54, 20640, 66309, 13.08, ğŸ¤‘ 
2016-11-02 09:38:54, 52491, 8640, 25.98, Parl 
2016-11-02 09:38:54, 76775, 69865, 2.85, â›º 
2016-11-02 09:38:54, 66979, 21749, 29.01, Handle 
2016-11-02 09:38:54, 52251, 8508, 6.09, ğŸ”ğŸŒ¯ğŸŒ®ğŸŒ­ğŸ–ğŸ—ğŸ§€ğŸ¤ğŸ•ğŸğŸ³ğŸğŸğŸ§ğŸ®ğŸ‚ğŸ°ğŸ¦ 
2016-11-02 09:38:54, 20745, 809, 7.25, I hate you 
2016-11-02 09:38:54, 7186, 4805, 5.67, ğŸ‡®ğŸ‡¹ğŸ‡®ğŸ‡¹ 
2016-11-02 09:38:54, 72415, 37332, 20.67, Lol 
2016-11-02 09:38:54, 59841, 33880, 21.62, Breakfast 
2016-11-02 09:38:54, 35405, 6089, 32.40, Sad pizza 
2016-11-02 09:38:54, 16815, 14375, 25.79, Canada problems 
2016-11-02 09:38:54, 20731, 14978, 9.60, Lobster 
2016-11-02 09:38:54, 37483, 3414, 14.92, The courage and bravery you displayed this weekend was up there with O.J. Simpson 
2016-11-02 09:38:54, 3736, 1825, 16.01, Birthcontrol 
2016-11-02 09:38:54, 66324, 20652, 22.29, Rent 
2016-11-02 09:38:54, 74101, 45502, 30.79, ğŸ£ğŸ¸ğŸ¦ğŸ¤‘ even stevens 
2016-11-02 09:38:54, 12273, 165, 31.68, w 
2016-11-02 09:38:54, 50571, 7750, 25.95, ğŸ¸ 
2016-11-02 09:38:54, 30605, 7027, 17.58, ğŸ‘Ÿ sneaks 
2016-11-02 09:38:54, 18075, 13814, 32.38, Mar de Copas 
2016-11-02 09:38:54, 10242, 1523, 21.08, Business coach 
2016-11-02 09:38:54, 716, 5906, 31.45, $1 late charge: Applied 
2016-11-02 09:38:54, 10202, 468, 20.22, Tacos 
2016-11-02 09:38:54, 56474, 10730, 24.98, Indian fetishization, yo. 
2016-11-02 09:38:54, 59787, 40794, 17.31, Lunch at the Dillinger room 
2016-11-02 09:38:54, 76810, 70464, 35.47, Tire rotation 
2016-11-02 09:38:54, 33984, 29665, 21.77, Ivy inn lmao 
2016-11-02 09:38:54, 11684, 281, 23.71, BahamasğŸ â˜€ï¸ 
2016-11-02 09:38:54, 7755, 5157, 17.72, That TV and Internet ! 
2016-11-02 09:38:54, 29652, 40588, 26.14, ğŸ—ğŸ”ğŸ“ğŸ·ğŸ¹ğŸš‰ 
2016-11-02 09:38:54, 6500, 11628, 27.20, ğŸ• 
2016-11-02 09:38:54, 46932, 74289, 29.46, 7 men downğŸ™ˆ 
2016-11-02 09:38:54, 23289, 14431, 9.03, ğŸ‡¸ğŸ‡ªğŸ‡¸ğŸ‡ªğŸ‡¸ğŸ‡ªğŸ‡¸ğŸ‡ª 
2016-11-02 09:38:54, 57796, 11699, 40.93, Wally World run 
2016-11-02 09:38:54, 38219, 3660, 6.12, Ties 
2016-11-02 09:38:54, 45875, 5546, 44.23, Water on water 
2016-11-02 09:38:54, 10187, 37649, 19.08, My life 
2016-11-02 09:38:54, 28215, 20455, 37.46, 100 
2016-11-02 09:38:54, 1288, 394, 16.16, ğŸ˜©ğŸ˜© 
2016-11-02 09:38:54, 3073, 1660, 6.94, Merp 
2016-11-02 09:38:54, 38695, 3853, 20.42, ğŸ’ƒğŸ¼ 
2016-11-02 09:38:54, 6359, 10073, 19.52, ğŸ‚ 
2016-11-02 09:38:54, 39486, 4201, 29.49, Kayaking â˜ºï¸ 
2016-11-02 09:38:54, 41426, 4723, 28.66, Fishies 
2016-11-02 09:38:54, 5101, 11312, 7.96, Anaheim Hotel 
2016-11-02 09:38:54, 65452, 19164, 10.93, Uber 
2016-11-02 09:38:54, 47028, 5808, 25.40, Last round split 
2016-11-02 09:38:54, 57240, 11262, 19.21, Uber 
2016-11-02 09:38:54, 73710, 43434, 15.29, ğŸ’¦ğŸ’¸  (last big one though!) 
2016-11-02 09:38:54, 55699, 10312, 22.54, MHMMMM 
2016-11-02 09:38:54, 68548, 25221, 13.24, Extra help 
2016-11-02 09:38:54, 62391, 15519, 17.93, Food ğŸ½ 
2016-11-02 09:38:54, 5945, 18794, 8.25, Borrowed from Leilei 
2016-11-02 09:38:54, 38579, 11811, 20.85, Mexican drankkkkk 
2016-11-02 09:38:54, 44326, 13734, 25.66, Gas 
2016-11-02 09:38:54, 39291, 4116, 21.39, Here is the rest of the money 
2016-11-02 09:38:54, 29567, 2470, 32.29, ğŸ’¯ğŸš— 
2016-11-02 09:38:54, 66308, 20640, 20.39, Money back 
2016-11-02 09:38:54, 24846, 1386, 10.59, Vanity thanks! 
2016-11-02 09:38:54, 20937, 2366, 2.55, Bfast from Harli and I 
2016-11-02 09:38:54, 13842, 27333, 20.72, ğŸ’„ 
2016-11-02 09:38:54, 73794, 43846, 17.11, Tallly 
2016-11-02 09:38:54, 25270, 8763, 39.91, NYEğŸ‰ 
2016-11-02 09:38:54, 15486, 11811, 12.99, ğŸ’µğŸŒ²â˜”ğŸŒ²â˜”ğŸ’µ 
2016-11-02 09:38:54, 45699, 5514, 13.22, Help 
2016-11-02 09:38:54, 15082, 41218, 21.03, Ride 2 
2016-11-02 09:38:54, 31656, 2481, 22.13, daily 
2016-11-02 09:38:54, 64912, 63661, 35.63, ğŸ & ğŸ· 
2016-11-02 09:38:54, 65650, 19388, 21.13, You paid too much ğŸ™†ğŸ» 
2016-11-02 09:38:54, 40914, 4678, 52.66, Walmart/sprouts ğŸğŸŠ 
2016-11-02 09:38:54, 54989, 10036, 33.51, Hot styles 
2016-11-02 09:38:54, 69389, 27100, 2.14, ğŸ« 
2016-11-02 09:38:54, 6549, 34, 40.46, ğŸˆğŸ™ƒğŸ»âšœ 
2016-11-02 09:38:54, 63388, 16669, 4.68, (.)(.) 
2016-11-02 09:38:54, 18276, 4153, 31.25, ğŸ‘»ğŸ‘»ğŸ‘» 
2016-11-02 09:38:54, 61901, 15016, 17.70, ğŸ’€ğŸ·ğŸš— 
2016-11-02 09:38:54, 5761, 22, 28.25, ğŸ˜± 
2016-11-02 09:38:54, 45158, 5380, 11.02, Puke drink 
2016-11-02 09:38:54, 41385, 17815, 23.16, Idk why I did that 
2016-11-02 09:38:54, 23798, 18048, 29.35, ğŸ’¦ğŸ”ŒğŸ”¥  Utilities 
2016-11-02 09:38:54, 63886, 17163, 33.73, ğŸš– 
2016-11-02 09:38:54, 64629, 18275, 21.10, Niners 
2016-11-02 09:38:54, 39648, 4251, 30.38, Red 
2016-11-02 09:38:54, 76634, 68098, 5.14, Making me fat 
2016-11-02 09:38:54, 19286, 10114, 25.91, Andrews medication 
2016-11-02 09:38:54, 10789, 115, 26.26, Pok Pok ğŸ“ğŸ“ 
2016-11-02 09:38:54, 63676, 5490, 20.42, Amber's hangover ğŸ³â˜• lol 
2016-11-02 09:38:54, 49800, 27165, 21.81, Late nights in da alley wayğŸ––ğŸ¿ 
2016-11-02 09:38:54, 4973, 28684, 19.06, â›³ 
2016-11-02 09:38:54, 9939, 21282, 19.55, dribbling the forehead 
2016-11-02 09:38:54, 35594, 3032, 23.57, Brunch â˜•ï¸ 
2016-11-02 09:38:54, 63521, 16805, 18.49, ğŸ£ğŸ± 
2016-11-02 09:38:54, 16571, 2781, 15.37, For a good time 
2016-11-02 09:38:54, 68317, 24703, 21.22, Angus 
2016-11-02 09:38:54, 31804, 2481, 29.36, Carpet cleaner 
2016-11-02 09:38:54, 21593, 900, 30.15, K 
2016-11-02 09:38:54, 48720, 5490, 12.90, Security deposit+ renters insurance :) 
2016-11-02 09:38:54, 76533, 66851, 9.93, ğŸªğŸªğŸª 
2016-11-02 09:38:54, 70581, 30712, 17.82, Swhakfkpa 
2016-11-02 09:38:54, 13877, 4675, 34.77, Mimosas and Falalalala lalalala 
2016-11-02 09:38:54, 4519, 40288, 10.42, Rubbish ğŸš› 
2016-11-02 09:38:54, 59262, 12785, 32.83, ğŸ´ 
2016-11-02 09:38:54, 20570, 36941, 29.61, The drunkest I've been since college 
2016-11-02 09:38:54, 4312, 27803, 31.18, Tell Brian he's in the bike lane. 
2016-11-02 09:38:54, 27390, 26495, 6.32, ğŸš• 
2016-11-02 09:38:54, 13590, 8527, 13.84, 2633 baht~suratthani->chiang mai 
2016-11-02 09:38:54, 2176, 22240, 1.96, Beer - ğŸ€ 
2016-11-02 09:38:54, 43527, 5890, 41.60, MiamiğŸ˜ 
2016-11-02 09:38:54, 38005, 3542, 19.44, Albertsons 
2016-11-02 09:38:54, 6963, 595, 20.64, Finga poppin eachothas assholes 
2016-11-02 09:38:54, 70986, 31980, 20.94, Tehe 
2016-11-02 09:38:54, 55392, 10161, 20.06, Jehdbs 
2016-11-02 09:38:54, 45301, 5398, 22.88, Idk 
2016-11-02 09:38:54, 65447, 19164, 4.28, Bringing the party to section 10! 
2016-11-02 09:38:54, 30537, 2371, 38.02, Just because I miss you â¤ï¸ 
2016-11-02 09:38:54, 10529, 104, 27.61, Bacon 
2016-11-02 09:38:54, 50145, 12000, 5.56, Juice 
2016-11-02 09:38:54, 53584, 9160, 23.23, ğŸŒš 
2016-11-02 09:38:54, 13532, 6226, 34.15, Mom's ğŸ‚ğŸ‰  ğŸ !!! 
2016-11-02 09:38:54, 9826, 53663, 30.46, ğŸ» 
2016-11-02 09:38:54, 76914, 71616, 17.84, Stuff 
2016-11-02 09:38:54, 46519, 546, 23.35, ğŸ™ˆ 
2016-11-02 09:38:54, 72440, 37426, 33.70, Beach beaches 
2016-11-02 09:38:54, 18366, 64690, 24.24, ğŸ£ğŸ¥ 
2016-11-02 09:38:54, 54775, 10312, 18.16, ğŸ» for Theo via PayPal 
2016-11-02 09:38:54, 34480, 18711, 28.01, . 
2016-11-02 09:38:54, 8336, 49, 24.18, Pleasurables 
2016-11-02 09:38:54, 56605, 26652, 11.25, Weenie Races 
2016-11-02 09:38:54, 42163, 4811, 21.42, Sands 
2016-11-02 09:38:54, 66814, 21511, 23.04, Friends and farmers 
2016-11-02 09:38:54, 65389, 19080, 24.34, Ino 
2016-11-02 09:38:54, 73604, 42893, 9.49, November rent. 
2016-11-02 09:38:54, 42242, 4828, 32.44, mm so spicy ğŸœ 
2016-11-02 09:38:54, 45873, 49920, 44.44, ğŸ• 
2016-11-02 09:38:54, 12733, 59173, 25.62, ğŸ  
2016-11-02 09:38:54, 7813, 46, 15.79, Wiffy 
2016-11-02 09:38:54, 56401, 10693, 5.87, Fashion wok 
2016-11-02 09:38:54, 18331, 516, 24.09, ğŸ‰ğŸ‰ğŸ‰ 
2016-11-02 09:38:54, 27851, 1846, 16.12, â˜• 
2016-11-02 09:38:54, 51136, 74842, 27.04, ğŸ• 
2016-11-02 09:38:54, 22520, 1059, 21.99, Ube-y 
2016-11-02 09:38:54, 23797, 3089, 18.68, ğŸª 
2016-11-02 09:38:54, 42016, 4799, 17.29, ğŸ’ƒğŸ»ğŸ’ƒğŸ»ğŸ’ƒğŸ» 
2016-11-02 09:38:54, 28513, 11009, 14.01, ã……ã…Š 
2016-11-02 09:38:54, 20723, 809, 22.56, Here's the cash for the door and hotel 
2016-11-02 09:38:54, 51557, 8242, 6.68, Stuff 
2016-11-02 09:38:54, 45542, 6337, 14.16, Bc you lost pong 
2016-11-02 09:38:54, 63259, 16541, 28.61, Sugar water purple 
2016-11-02 09:38:54, 68175, 24174, 12.58, ğŸ¹ğŸ¸ 
2016-11-02 09:38:54, 69810, 16812, 35.56, Cm. 
2016-11-02 09:38:54, 52337, 7669, 10.49, Gasolina ğŸš— 
2016-11-02 09:38:54, 58507, 12120, 38.90, ğŸ™ğŸœ 
2016-11-02 09:38:54, 9735, 9747, 17.84, ğŸ» 
2016-11-02 09:38:54, 33608, 71468, 24.89, Costco 
2016-11-02 09:38:54, 70433, 30247, 14.33, ğŸ»ğŸ—ğŸ–ğŸ»ğŸ—ğŸ– 
2016-11-02 09:38:54, 29955, 3726, 19.19, ğŸŒ­ 
2016-11-02 09:38:54, 67541, 22903, 31.92, ğŸƒğŸƒğŸƒ 
2016-11-02 09:38:54, 40343, 4543, 28.95, House thangs. 
2016-11-02 09:38:54, 58597, 33878, 31.68, ğŸº 
2016-11-02 09:38:54, 43450, 5015, 12.05, ğŸŒˆ 
2016-11-02 09:38:54, 31713, 5095, 18.96, ğŸŒğŸŒŠğŸ”ğŸŸ 
2016-11-02 09:38:54, 47026, 15134, 29.47, Cake 
2016-11-02 09:38:54, 53588, 9167, 31.76, Vindaloooooo 
2016-11-02 09:38:54, 25585, 1502, 39.74, Security deposit 
2016-11-02 09:38:54, 1560, 22424, 10.83, Beauty ball 
2016-11-02 09:38:54, 21632, 15582, 37.44, Dirty Movie tix 
2016-11-02 09:38:54, 10367, 42116, 32.67, ğŸ”ŒğŸ’µ 
2016-11-02 09:38:54, 63835, 17118, 17.06, Zzzzzam 
2016-11-02 09:38:54, 16308, 354, 15.89, Grocery stuff 
2016-11-02 09:38:54, 58683, 12253, 15.14, Scott Peterson...dark 
2016-11-02 09:38:54, 24011, 3870, 20.44, KEEP THE CHANGE YA FILTHY ANIMAL!!!!!! (Hilton garden in) 
2016-11-02 09:38:54, 65821, 19621, 27.66, Unc 
2016-11-02 09:38:54, 64703, 18380, 38.71, ğŸº 
2016-11-02 09:38:54, 70995, 32007, 26.29, ğŸ± 
2016-11-02 09:38:54, 49070, 6537, 10.38, Pho 
2016-11-02 09:38:54, 28745, 22133, 30.13, Toast 
2016-11-02 09:38:54, 26992, 6361, 11.33, Sitter 
2016-11-02 09:38:54, 57865, 57870, 16.49, 3 dinners 
2016-11-02 09:38:54, 44187, 28186, 24.90, Unclogging the ğŸš½ 
2016-11-02 09:38:54, 49998, 19438, 19.30, Go Hawks! 
2016-11-02 09:38:54, 60302, 13527, 22.08, Rent 
2016-11-02 09:38:54, 70488, 30483, 28.62, ğŸ¶ 
2016-11-02 09:38:54, 62218, 15248, 21.41, Microwave!!!! 
2016-11-02 09:38:54, 49637, 7122, 16.57, This is the most I'm willing to compromise 
2016-11-02 09:38:54, 36022, 3081, 27.20, Purple line 
2016-11-02 09:38:54, 30650, 2386, 10.93, ğŸ’•ğŸ’‹ğŸ’‹ğŸ’…ğŸ¾ 
2016-11-02 09:38:54, 28880, 23357, 4.59, ğŸˆ 
2016-11-02 09:38:54, 23030, 2431, 35.27, 15er 
2016-11-02 09:38:54, 66612, 21104, 19.95, Dewey 
2016-11-02 09:38:54, 69006, 26374, 23.08, Food 
2016-11-02 09:38:54, 62244, 15315, 2.34, Peaches and coffee and for being the best boyfriend I could ever ask for. 
2016-11-02 09:38:54, 51010, 7909, 1.63, ğŸ˜º 
2016-11-02 09:38:54, 20014, 10051, 9.65, ğŸ¾ğŸ¾ğŸ¾ 
2016-11-02 09:38:54, 2724, 15, 26.94, ğŸ’€ğŸ”¥ğŸ’€â˜€ï¸ğŸ’€ğŸ”¥ğŸ’€ 
2016-11-02 09:38:54, 17154, 8851, 35.97, Uber 
2016-11-02 09:38:54, 70100, 29198, 31.81, Smoothie and ğŸŸ 
2016-11-02 09:38:54, 67772, 23425, 5.18, âœŠğŸ»âœŠğŸ»âœŠğŸ»ğŸ†ğŸ†ğŸ†ğŸ‘ğŸ»ğŸ‘ğŸ»ğŸ‘ğŸ»ğŸ‘ğŸ» 
2016-11-02 09:38:54, 9869, 4375, 21.52, Miami vibes 
2016-11-02 09:38:54, 52500, 8655, 14.66, Dim sum 
2016-11-02 09:38:54, 27417, 21318, 23.13, Blade RunnerğŸƒğŸŒƒğŸ¹ğŸ˜˜ 
2016-11-02 09:38:54, 20102, 733, 12.28, Stuff 
2016-11-02 09:38:54, 36317, 72153, 24.61, Sagrada Familia â›ª 
2016-11-02 09:38:54, 68777, 25754, 19.68, ğŸ‰ğŸ’ğŸŠğŸ‹ğŸğŸ’ğŸğŸ“ğŸ„ğŸğŸğŸ“ğŸğŸ„ğŸ 
2016-11-02 09:38:54, 29452, 8508, 24.31, For Julie! 
2016-11-02 09:38:54, 15449, 281, 16.69, ğŸ’ƒğŸ¼ 
2016-11-02 09:38:54, 70107, 29201, 17.28, Din din 
2016-11-02 09:38:54, 37631, 16284, 4.03, There's no veggie sandwich emoji ğŸ˜­ 
2016-11-02 09:38:54, 48993, 6469, 21.43, Intimate services 
2016-11-02 09:38:54, 59063, 12671, 14.94, ğŸ¤– 
2016-11-02 09:38:54, 6789, 5219, 2.30, Peoples gas. 
2016-11-02 09:38:54, 29578, 2181, 35.79, Day in St Augustine! 
2016-11-02 09:38:54, 28790, 1997, 24.25, OWNERSHIP OF YOU Nick Chris Guian Ryan 
2016-11-02 09:38:54, 52266, 25069, 15.37, Hotel room 
2016-11-02 09:38:54, 53568, 12907, 11.08, Cappa 
2016-11-02 09:38:54, 12885, 26293, 29.91, âœ‹ğŸ½ 
2016-11-02 09:38:54, 22438, 2611, 10.03, Hot sauce 
2016-11-02 09:38:54, 77007, 72841, 38.82, ğŸ· 
2016-11-02 09:38:54, 27721, 1829, 29.85, ğŸ›¡ğŸ›¡ğŸ›¡ 
2016-11-02 09:38:54, 17619, 5205, 16.00, ğŸš• 
2016-11-02 09:38:54, 56707, 16266, 11.30, Yacht 
2016-11-02 09:38:54, 2882, 30535, 31.78, ğŸ˜˜ğŸ˜˜ğŸ˜˜ 
2016-11-02 09:38:54, 41276, 4700, 13.35, Dinner ğŸ’©ğŸ˜·ğŸ‘¼ğŸ¼ğŸ ğŸŸ 
2016-11-02 09:38:54, 1522, 12069, 8.61, hotel!! 
2016-11-02 09:38:54, 29342, 26328, 29.81, Cabby.. 
2016-11-02 09:38:54, 48668, 6310, 33.65, ğŸğŸ§€ 
2016-11-02 09:38:54, 51159, 7996, 33.27, ğŸ‘• ğŸ‘— 
2016-11-02 09:38:54, 8092, 8660, 35.30, Keg 
2016-11-02 09:38:54, 8793, 58, 23.43, South Coast shopping! 
2016-11-02 09:38:54, 40379, 4557, 28.43, Bar 
2016-11-02 09:38:54, 22786, 1098, 27.11, ğŸ›ğŸ›ğŸ›ğŸ›ğŸ›ğŸ›ğŸ›ğŸ›ğŸ› 
2016-11-02 09:38:54, 25511, 1486, 43.44, Vacuum belt 
2016-11-02 09:38:54, 70127, 29257, 23.57, ğŸ• 
2016-11-02 09:38:54, 39494, 10357, 24.50, ğŸ”¥ğŸ”¥ğŸˆğŸˆğŸ†ğŸ† 
2016-11-02 09:38:54, 19740, 695, 17.81, Youber 
2016-11-02 09:38:54, 7699, 1535, 31.71, UF long sleeve 
2016-11-02 09:38:54, 22416, 67301, 20.68, Pot 
2016-11-02 09:38:54, 58573, 12164, 16.54, Bein' fine and drinking wine in the summatime ğŸ‚ğŸ· 
2016-11-02 09:38:54, 51226, 8032, 8.11, ğŸš– 
2016-11-02 09:38:54, 67922, 23694, 26.32, FOOD DINNER BDAY 
2016-11-02 09:38:54, 14105, 5765, 19.65, ğŸ”®ğŸ¶ğŸ”®ğŸ¶ğŸ”® 
2016-11-02 09:38:54, 65766, 19535, 30.78, Great weekend 
2016-11-02 09:38:54, 61581, 14817, 43.29, ok 
2016-11-02 09:38:54, 12296, 166, 29.61, ğŸ” 
2016-11-02 09:38:55, 61994, 76076, 14.14, Water 
2016-11-02 09:38:55, 2222, 21971, 27.46, ğŸ’© 
2016-11-02 09:38:55, 75294, 54504, 28.81, ğŸ‘¨ğŸ¾ 
2016-11-02 09:38:55, 3545, 6269, 27.71, The friend zone 
2016-11-02 09:38:55, 54420, 55007, 9.56, Drankz 
2016-11-02 09:38:55, 75640, 57630, 15.02, ğŸº 
2016-11-02 09:38:55, 40373, 22063, 17.02, Store Wars: Bartledoo 
2016-11-02 09:38:55, 26676, 1641, 14.57, ğŸ‘ğŸ¼ 
2016-11-02 09:38:55, 64853, 23566, 34.52, River floatin' 
2016-11-02 09:38:55, 12103, 58494, 25.83, Happy Birthday again!!! ğŸ‰ğŸ‰ğŸ‰ 
2016-11-02 09:38:55, 67221, 22198, 22.52, The goodsğŸ± 
2016-11-02 09:38:55, 3882, 4551, 47.46, Brunch 
2016-11-02 09:38:55, 31116, 5090, 24.45, Hannnnnn Dynasty 
2016-11-02 09:38:55, 66225, 20507, 10.66, 3 hours of calling 
2016-11-02 09:38:55, 38385, 47660, 10.12, Boba 
2016-11-02 09:38:55, 13, 332, 27.68, ğŸ³ğŸ¹ 
2016-11-02 09:38:55, 47793, 7843, 25.00, Hibitchi 
2016-11-02 09:38:55, 73501, 42369, 35.38, Mini â›³ 
2016-11-02 09:38:55, 17192, 10976, 12.74, Brandiiii ğŸ¤ğŸ¤ 
2016-11-02 09:38:55, 50740, 7815, 13.26, :ğŸ»ğŸŒ®ğŸŒ­ğŸ•ğŸ¤ğŸŸğŸ›ğŸ›ğŸ¤˜ğŸ¿ğŸ¤˜ğŸ¿ 
2016-11-02 09:38:55, 58656, 12198, 33.43, ğŸ· 
2016-11-02 09:38:55, 22523, 22355, 3.65, When the ğŸ¹ is more expensive than the ğŸŸ 
2016-11-02 09:38:55, 3530, 2539, 17.69, Seeing Drake and Kevin Hart at a clipper game 
2016-11-02 09:38:55, 8249, 13143, 5.35, fud 
2016-11-02 09:38:55, 71936, 35323, 24.12, ğŸš• 
2016-11-02 09:38:55, 8311, 5753, 5.42, ğŸ¹ 
2016-11-02 09:38:55, 64731, 18395, 7.05, Thx 4 ğŸš™ 
2016-11-02 09:38:55, 73955, 44554, 25.49, idk man 
2016-11-02 09:38:55, 40931, 4679, 27.08, ğŸ’ª 
2016-11-02 09:38:55, 39227, 11312, 11.26, â˜ƒğŸ‚ 
2016-11-02 09:38:55, 44657, 5273, 10.70, Football 
2016-11-02 09:38:55, 68248, 24450, 29.80, Cheese and bread 
2016-11-02 09:38:55, 75764, 58586, 17.20, ğŸ‘™ğŸ‘™ğŸ‘™ 
2016-11-02 09:38:55, 75064, 52588, 46.46, Ubers 
2016-11-02 09:38:55, 31843, 2481, 16.30, ğŸ¢ğŸ¡ 
2016-11-02 09:38:55, 66539, 21012, 35.82, Ridin' dirty down 23rd tryna catch Pokemon 
2016-11-02 09:38:55, 48834, 6376, 18.68, For bills on splitwise.com 
2016-11-02 09:38:55, 51919, 74973, 29.91, ğŸ³ 
2016-11-02 09:38:55, 74120, 45617, 18.82, ZLAM 
2016-11-02 09:38:55, 27173, 1746, 25.45, ğŸ˜³ğŸ˜³ğŸ˜‚ 
2016-11-02 09:38:55, 51513, 8235, 25.46, ğŸ’ª 
2016-11-02 09:38:55, 65493, 19231, 14.11, ğŸ¤” 
2016-11-02 09:38:55, 1947, 938, 26.16, NYC hollah 
2016-11-02 09:38:55, 12411, 796, 36.84, ğŸ» rax 
2016-11-02 09:38:55, 64873, 18547, 21.06, Awards banquet 
2016-11-02 09:38:55, 62898, 16020, 18.44, Cause I drink a lot 
2016-11-02 09:38:55, 57115, 11166, 14.17, . 
2016-11-02 09:38:55, 60596, 13731, 18.23, Darts and Sceptre ğŸ» 
2016-11-02 09:38:55, 51302, 8083, 47.28, ğŸ¤‘ 
2016-11-02 09:38:55, 24115, 4807, 13.67, Food and beer 
2016-11-02 09:38:55, 19382, 631, 33.90, ğŸªğŸªğŸªğŸªğŸªğŸª 
2016-11-02 09:38:55, 70480, 74226, 7.29, ğŸ¾ğŸ¸ 
2016-11-02 09:38:55, 58321, 11983, 25.22, Mr. purple 
2016-11-02 09:38:55, 22687, 4531, 6.47, The future Olympians: Kind of a Big Teal  ğŸ’š+ğŸ’™=ğŸ»ğŸ†ğŸ…ğŸ…ğŸ…ğŸ…ğŸ… 
2016-11-02 09:38:55, 14416, 4664, 13.42, Food 
2016-11-02 09:38:55, 42956, 4920, 28.38, Baby JJ...Auntie Vicki and Uncle Mike love you already. 
2016-11-02 09:38:55, 19666, 8628, 24.25, jersey;) 
2016-11-02 09:38:55, 24887, 1403, 25.77, Good ğŸ˜„ 
2016-11-02 09:38:55, 47514, 7649, 12.55, æ¶ˆè€—è›‹ç™½è³ª 
2016-11-02 09:38:55, 60575, 13714, 16.85, ğŸŒ¯ 
2016-11-02 09:38:55, 14176, 225, 10.28, Bfast 
2016-11-02 09:38:55, 7088, 4699, 27.25, ğŸƒğŸ¼ğŸ« 
2016-11-02 09:38:55, 25601, 1503, 21.21, Lyft 
2016-11-02 09:38:55, 77097, 74000, 8.70, Make up tutorial and products 
2016-11-02 09:38:55, 678, 12160, 32.38, Please charge extra if needed ğŸš´ğŸ¿ 
2016-11-02 09:38:55, 47942, 7638, 13.21, The courage and bravery you displayed this weekend was up there with O.J. Simpson 
2016-11-02 09:38:55, 24754, 14181, 11.60, A pail of salad. 
2016-11-02 09:38:55, 21811, 945, 29.19, Internet 
2016-11-02 09:38:55, 28925, 13331, 41.57, Brat 
2016-11-02 09:38:55, 14842, 5718, 26.82, Mexican Food 
2016-11-02 09:38:55, 12907, 59595, 24.68, ğŸ£ 
2016-11-02 09:38:55, 51755, 8301, 21.17, ğŸ¥ 
2016-11-02 09:38:55, 32726, 2571, 13.00, Costco 
2016-11-02 09:38:55, 59889, 42647, 7.15, Pork broth 
2016-11-02 09:38:55, 57685, 11614, 18.90, Half month of July 
2016-11-02 09:38:55, 4182, 21542, 24.73, ğŸ‘¬ 
2016-11-02 09:38:55, 44373, 8861, 10.24, Being a ğŸ” 
2016-11-02 09:38:55, 33407, 2762, 30.12, The rest of the cliff bar 
2016-11-02 09:38:55, 41270, 6131, 21.50, Hi 
2016-11-02 09:38:55, 54126, 9522, 7.74, UFC 200 Food 
2016-11-02 09:38:55, 8182, 22599, 35.57, ğŸ’¡ 
2016-11-02 09:38:55, 33765, 5527, 29.80, ğŸ™ˆ 
2016-11-02 09:38:55, 36570, 36555, 7.16, This past week. 
2016-11-02 09:38:55, 42113, 23955, 32.31, Cow trachea 
2016-11-02 09:38:55, 52296, 52295, 19.75, Puzza 
2016-11-02 09:38:55, 73428, 41926, 11.42, Dank-atsu 
2016-11-02 09:38:55, 9500, 74, 4.58, Drunkbus tip 
2016-11-02 09:38:55, 23498, 21849, 15.39, Your sister's nudes 
2016-11-02 09:38:55, 26523, 1631, 15.09, Denver things 
2016-11-02 09:38:55, 17023, 25640, 20.53, Warrent lawyer 
2016-11-02 09:38:55, 13982, 51667, 34.81, amarena 
2016-11-02 09:38:55, 76913, 71616, 2.34, ğŸ®ğŸ’« 
2016-11-02 09:38:55, 22414, 1490, 19.23, ğŸ½ 
2016-11-02 09:38:55, 25521, 1486, 9.58, Post lifting carb load 
2016-11-02 09:38:55, 7713, 7482, 16.48, ğŸš 
2016-11-02 09:38:55, 47571, 5946, 30.97, ğŸ³ğŸ˜‹ 
2016-11-02 09:38:55, 43647, 11621, 20.11, Thanks 
2016-11-02 09:38:55, 18982, 656, 21.43, Beeah 
2016-11-02 09:38:55, 33645, 19164, 18.81, ğŸ© 
2016-11-02 09:38:55, 35709, 9360, 1.39, Beatbox 
2016-11-02 09:38:55, 42574, 5065, 31.79, ğŸ¾ğŸ¾ 
2016-11-02 09:38:55, 10793, 9391, 4.42, ğŸ·pubğŸ‘ 
2016-11-02 09:38:55, 68526, 25127, 32.81, Gg 
2016-11-02 09:38:55, 2404, 15035, 22.39, Serpentinee 
2016-11-02 09:38:55, 45536, 19064, 16.16, Shoes 
2016-11-02 09:38:55, 36424, 72171, 11.15, Lassi(e) come home! 
2016-11-02 09:38:55, 17216, 17234, 18.15, Limo and sweatpants 
2016-11-02 09:38:55, 39381, 4144, 31.81, âš¾ï¸ 
2016-11-02 09:38:55, 51157, 74866, 16.46, Solstice hotel ğŸ‡ºğŸ‡¸ 
2016-11-02 09:38:55, 39670, 11123, 17.04, ğŸ» 
2016-11-02 09:38:55, 73367, 41658, 19.98, Cocinitas 
2016-11-02 09:38:55, 27677, 14409, 9.55, Panic ğŸ« 
2016-11-02 09:38:55, 4844, 7903, 26.86, ğŸ‰ğŸ‰ğŸ‰ 
2016-11-02 09:38:55, 27867, 9705, 42.03, ğŸšŒ pimped out bus ride 
2016-11-02 09:38:55, 3579, 19164, 17.52, thank u 
2016-11-02 09:38:55, 64112, 18762, 9.37, Party bus 
2016-11-02 09:38:55, 42006, 4798, 11.35, More gas 
2016-11-02 09:38:55, 64565, 18146, 31.90, To Thai or no Thai ? 
2016-11-02 09:38:55, 70148, 29333, 28.79, more heroin 
2016-11-02 09:38:55, 37193, 3334, 12.47, ğŸ½ğŸ 
2016-11-02 09:38:55, 10713, 5899, 16.72, G Bro delivery 
2016-11-02 09:38:55, 14408, 8815, 15.59, ğŸ¾ 
2016-11-02 09:38:55, 9120, 3264, 18.87, Rager investment 
2016-11-02 09:38:55, 36939, 3482, 9.74, Movie tickets 
2016-11-02 09:38:55, 64400, 17851, 15.69, ğŸŒ® 
2016-11-02 09:38:55, 48589, 6289, 18.36, Trip to BarbadosğŸ†ğŸ†ğŸ†ğŸ†ğŸ† 
2016-11-02 09:38:55, 4308, 2481, 34.06, ğŸ’© 
2016-11-02 09:38:55, 43495, 5030, 17.49, Im a thief 
2016-11-02 09:38:55, 51082, 7962, 10.82, ĞŸĞ¸Ğ²Ğ¾, Ğ¶Ğ¼Ñ‹Ñ… Ğ¸ ĞºÑƒĞºĞ°Ñ€Ğ°Ñ‡Ğ° 
2016-11-02 09:38:55, 67050, 21890, 30.85, meatless Saturday's 
2016-11-02 09:38:55, 46368, 41033, 27.09, â¤ 
2016-11-02 09:38:55, 20394, 16662, 34.36, Crack. 
2016-11-02 09:38:55, 34981, 20507, 17.39, Batteries 
2016-11-02 09:38:55, 15597, 29960, 24.16, ğŸ˜food 
2016-11-02 09:38:55, 32381, 2531, 7.35, Wham Bam Slam ğŸ”¥ğŸ”¥ğŸ”¥ 
2016-11-02 09:38:55, 3009, 35204, 23.09, ğŸŒ´â˜€ğŸŒŠâš½ 